Campaign Name,Spend,Estimated Transactions,Estimated CAC
1180_8Sleep_Prospecting_Elon_No_Comment,0,0.0026290650595020026,0.0
1180_8Sleep_Prospecting_Elon_No_Comment,100,0.0017262345063300008,57929.55686687171
1180_8Sleep_Prospecting_Elon_No_Comment,200,0.0017262345063300008,115859.11373374342
1180_8Sleep_Prospecting_Elon_No_Comment,300,0.0017262345063300008,173788.67060061515
1180_8Sleep_Prospecting_Elon_No_Comment,400,0.0017262345063300008,231718.22746748684
1180_8Sleep_Prospecting_Elon_No_Comment,500,0.0017262345063300008,289647.7843343586
1180_8Sleep_Prospecting_Elon_No_Comment,600,0.0017262345063300008,347577.3412012303
1180_8Sleep_Prospecting_Elon_No_Comment,700,0.0017262345063300008,405506.898068102
1180_8Sleep_Prospecting_Elon_No_Comment,800,0.0017262345063300008,463436.4549349737
1180_8Sleep_Prospecting_Elon_No_Comment,900,0.0017262345063300008,521366.0118018454
1180_8Sleep_Prospecting_Elon_No_Comment,1000,0.0017262345063300008,579295.5686687172
1180_8Sleep_Prospecting_Elon_No_Comment,1100,0.0017262345063300008,637225.1255355888
1180_8Sleep_Prospecting_Elon_No_Comment,1200,0.0017262345063300008,695154.6824024606
1180_8Sleep_Prospecting_Elon_No_Comment,1300,0.0017262345063300008,753084.2392693323
1180_8Sleep_Prospecting_Elon_No_Comment,1400,0.0017262345063300008,811013.796136204
1180_8Sleep_Prospecting_Elon_No_Comment,1500,0.0017262345063300008,868943.3530030757
1180_8Sleep_Prospecting_Elon_No_Comment,1600,0.0017262345063300008,926872.9098699474
1180_8Sleep_Prospecting_Elon_No_Comment,1700,0.0017262345063300008,984802.4667368191
1180_8Sleep_Prospecting_Elon_No_Comment,1800,0.0017262345063300008,1042732.0236036908
1180_8Sleep_Prospecting_Elon_No_Comment,1900,0.0017262345063300008,1100661.5804705624
1180_8Sleep_Prospecting_Elon_No_Comment,2000,0.0017262345063300008,1158591.1373374343
1180_8Sleep_Prospecting_Elon_No_Comment,2100,0.0017262345063300008,1216520.694204306
1180_8Sleep_Prospecting_Elon_No_Comment,2200,0.0017262345063300008,1274450.2510711777
1180_8Sleep_Prospecting_Elon_No_Comment,2300,0.0017262345063300008,1332379.8079380493
1180_8Sleep_Prospecting_Elon_No_Comment,2400,0.0017262345063300008,1390309.3648049212
1180_8Sleep_Prospecting_Elon_No_Comment,2500,0.0017262345063300008,1448238.9216717929
1180_8Sleep_Prospecting_Elon_No_Comment,2600,0.0017262345063300008,1506168.4785386645
1180_8Sleep_Prospecting_Elon_No_Comment,2700,0.0017262345063300008,1564098.0354055362
1180_8Sleep_Prospecting_Elon_No_Comment,2800,0.0017262345063300008,1622027.592272408
1180_8Sleep_Prospecting_Elon_No_Comment,2900,0.0017262345063300008,1679957.1491392797
1180_8Sleep_Prospecting_Elon_No_Comment,3000,0.0017262345063300008,1737886.7060061514
1180_8Sleep_Prospecting_Elon_No_Comment,3100,0.0017262345063300008,1795816.262873023
1180_8Sleep_Prospecting_Elon_No_Comment,3200,0.0017262345063300008,1853745.8197398947
1180_8Sleep_Prospecting_Elon_No_Comment,3300,0.0017262345063300008,1911675.3766067666
1180_8Sleep_Prospecting_Elon_No_Comment,3400,0.0017262345063300008,1969604.9334736383
1180_8Sleep_Prospecting_Elon_No_Comment,3500,0.0017262345063300008,2027534.49034051
1180_8Sleep_Prospecting_Elon_No_Comment,3600,0.0017262345063300008,2085464.0472073816
1180_8Sleep_Prospecting_Elon_No_Comment,3700,0.0017262345063300008,2143393.6040742532
1180_8Sleep_Prospecting_Elon_No_Comment,3800,0.0017262345063300008,2201323.160941125
1180_8Sleep_Prospecting_Elon_No_Comment,3900,0.0017262345063300008,2259252.717807997
1180_8Sleep_Prospecting_Elon_No_Comment,4000,0.0017262345063300008,2317182.2746748687
1180_8Sleep_Prospecting_Elon_No_Comment,4100,0.0017262345063300008,2375111.8315417403
1180_8Sleep_Prospecting_Elon_No_Comment,4200,0.0017262345063300008,2433041.388408612
1180_8Sleep_Prospecting_Elon_No_Comment,4300,0.0017262345063300008,2490970.9452754837
1180_8Sleep_Prospecting_Elon_No_Comment,4400,0.0017262345063300008,2548900.5021423553
1180_8Sleep_Prospecting_Elon_No_Comment,4500,0.0017262345063300008,2606830.059009227
1180_8Sleep_Prospecting_Elon_No_Comment,4600,0.0017262345063300008,2664759.6158760986
1180_8Sleep_Prospecting_Elon_No_Comment,4700,0.0017262345063300008,2722689.1727429703
1180_8Sleep_Prospecting_Elon_No_Comment,4800,0.0017262345063300008,2780618.7296098424
1180_8Sleep_Prospecting_Elon_No_Comment,4900,0.0017262345063300008,2838548.286476714
1180_8Sleep_Prospecting_Elon_No_Comment,5000,0.0017262345063300008,2896477.8433435857
ASC Creative Testing Campaign,0,0.7563390017980001,0.0
ASC Creative Testing Campaign,100,0.7568446360320001,132.1275136787412
ASC Creative Testing Campaign,200,0.738637340274,270.76887275399497
ASC Creative Testing Campaign,300,0.7528501400680002,398.48567999589255
ASC Creative Testing Campaign,400,0.7224572980140003,553.6659413637047
ASC Creative Testing Campaign,500,0.6717563253180002,744.3175168664126
ASC Creative Testing Campaign,600,0.7521494937540002,797.7137590100372
ASC Creative Testing Campaign,700,0.7567478209520001,925.0109225546095
ASC Creative Testing Campaign,800,0.7567478209520001,1057.1553400624107
ASC Creative Testing Campaign,900,0.7567478209520001,1189.299757570212
ASC Creative Testing Campaign,1000,0.7567478209520001,1321.4441750780134
ASC Creative Testing Campaign,1100,0.7567478209520001,1453.5885925858147
ASC Creative Testing Campaign,1200,0.7567478209520001,1585.733010093616
ASC Creative Testing Campaign,1300,0.7567478209520001,1717.8774276014176
ASC Creative Testing Campaign,1400,0.7567478209520001,1850.021845109219
ASC Creative Testing Campaign,1500,0.7567478209520001,1982.1662626170203
ASC Creative Testing Campaign,1600,0.7567478209520001,2114.3106801248214
ASC Creative Testing Campaign,1700,0.7567478209520001,2246.4550976326227
ASC Creative Testing Campaign,1800,0.7567478209520001,2378.599515140424
ASC Creative Testing Campaign,1900,0.7567478209520001,2510.7439326482254
ASC Creative Testing Campaign,2000,0.7567478209520001,2642.8883501560267
ASC Creative Testing Campaign,2100,0.7567478209520001,2775.032767663828
ASC Creative Testing Campaign,2200,0.7567478209520001,2907.1771851716294
ASC Creative Testing Campaign,2300,0.7567478209520001,3039.3216026794307
ASC Creative Testing Campaign,2400,0.7567478209520001,3171.466020187232
ASC Creative Testing Campaign,2500,0.7567478209520001,3303.6104376950334
ASC Creative Testing Campaign,2600,0.7567478209520001,3435.754855202835
ASC Creative Testing Campaign,2700,0.7567478209520001,3567.8992727106365
ASC Creative Testing Campaign,2800,0.7567478209520001,3700.043690218438
ASC Creative Testing Campaign,2900,0.7567478209520001,3832.188107726239
ASC Creative Testing Campaign,3000,0.7567478209520001,3964.3325252340405
ASC Creative Testing Campaign,3100,0.7567478209520001,4096.476942741841
ASC Creative Testing Campaign,3200,0.7567478209520001,4228.621360249643
ASC Creative Testing Campaign,3300,0.7567478209520001,4360.765777757444
ASC Creative Testing Campaign,3400,0.7567478209520001,4492.910195265245
ASC Creative Testing Campaign,3500,0.7567478209520001,4625.054612773047
ASC Creative Testing Campaign,3600,0.7567478209520001,4757.199030280848
ASC Creative Testing Campaign,3700,0.7567478209520001,4889.343447788649
ASC Creative Testing Campaign,3800,0.7567478209520001,5021.487865296451
ASC Creative Testing Campaign,3900,0.7567478209520001,5153.632282804252
ASC Creative Testing Campaign,4000,0.7567478209520001,5285.776700312053
ASC Creative Testing Campaign,4100,0.7567478209520001,5417.921117819855
ASC Creative Testing Campaign,4200,0.7567478209520001,5550.065535327656
ASC Creative Testing Campaign,4300,0.7567478209520001,5682.209952835457
ASC Creative Testing Campaign,4400,0.7567478209520001,5814.354370343259
ASC Creative Testing Campaign,4500,0.7567478209520001,5946.49878785106
ASC Creative Testing Campaign,4600,0.7567478209520001,6078.643205358861
ASC Creative Testing Campaign,4700,0.7567478209520001,6210.787622866663
ASC Creative Testing Campaign,4800,0.7567478209520001,6342.932040374464
ASC Creative Testing Campaign,4900,0.7567478209520001,6475.0764578822655
ASC Creative Testing Campaign,5000,0.7567478209520001,6607.220875390067
Advantage+ shopping campaign CELL C Campaign,0,1.4042727288839996,0.0
Advantage+ shopping campaign CELL C Campaign,100,1.4042727288839996,71.21123834646548
Advantage+ shopping campaign CELL C Campaign,200,1.4042727288839996,142.42247669293096
Advantage+ shopping campaign CELL C Campaign,300,1.3762352049939992,217.985994626048
Advantage+ shopping campaign CELL C Campaign,400,1.3762352049939992,290.6479928347307
Advantage+ shopping campaign CELL C Campaign,500,1.3762352049939992,363.30999104341333
Advantage+ shopping campaign CELL C Campaign,600,1.3895216964259993,431.8032611820781
Advantage+ shopping campaign CELL C Campaign,700,1.4156902602379993,494.45844169495047
Advantage+ shopping campaign CELL C Campaign,800,1.455051489189999,549.8087221953538
Advantage+ shopping campaign CELL C Campaign,900,1.550309126003999,580.5293827559385
Advantage+ shopping campaign CELL C Campaign,1000,1.550309126003999,645.0326475065983
Advantage+ shopping campaign CELL C Campaign,1100,3.3060285510300007,332.72549919670007
Advantage+ shopping campaign CELL C Campaign,1200,3.195117484630001,375.5730441126367
Advantage+ shopping campaign CELL C Campaign,1300,3.292936506510001,394.78441124812247
Advantage+ shopping campaign CELL C Campaign,1400,3.4728764265000005,403.1240470628936
Advantage+ shopping campaign CELL C Campaign,1500,3.4728764265000005,431.9186218531003
Advantage+ shopping campaign CELL C Campaign,1600,3.4728764265000005,460.713196643307
Advantage+ shopping campaign CELL C Campaign,1700,2.037942030583999,834.17485604968
Advantage+ shopping campaign CELL C Campaign,1800,2.1063147849879993,854.5731211824806
Advantage+ shopping campaign CELL C Campaign,1900,2.1632163258639987,878.321773593832
Advantage+ shopping campaign CELL C Campaign,2000,2.1388720871959985,935.0722803727567
Advantage+ shopping campaign CELL C Campaign,2100,2.2040330341399983,952.7987863482311
Advantage+ shopping campaign CELL C Campaign,2200,2.2867331837799987,962.0711395648583
Advantage+ shopping campaign CELL C Campaign,2300,3.40211977216,676.049097042734
Advantage+ shopping campaign CELL C Campaign,2400,2.7881543397240005,860.7844859254011
Advantage+ shopping campaign CELL C Campaign,2500,2.6933678831359997,928.2059148522802
Advantage+ shopping campaign CELL C Campaign,2600,2.7451656253680006,947.1195384254673
Advantage+ shopping campaign CELL C Campaign,2700,2.7458249271480004,983.3110528297238
Advantage+ shopping campaign CELL C Campaign,2800,2.681941144128,1044.0199279281296
Advantage+ shopping campaign CELL C Campaign,2900,2.676020716308,1083.698635936203
Advantage+ shopping campaign CELL C Campaign,3000,2.5892117912799995,1158.6537687274024
Advantage+ shopping campaign CELL C Campaign,3100,2.4938501275279994,1243.0578589230781
Advantage+ shopping campaign CELL C Campaign,3200,2.481976588987999,1289.2949974619896
Advantage+ shopping campaign CELL C Campaign,3300,2.5637295021799993,1287.187278218678
Advantage+ shopping campaign CELL C Campaign,3400,3.6261309683639995,937.638499453862
Advantage+ shopping campaign CELL C Campaign,3500,2.5720844360919997,1360.7640367039685
Advantage+ shopping campaign CELL C Campaign,3600,3.495789357124,1029.810332439977
Advantage+ shopping campaign CELL C Campaign,3700,3.495789357124,1058.4161750077542
Advantage+ shopping campaign CELL C Campaign,3800,3.495789357124,1087.0220175755312
Advantage+ shopping campaign CELL C Campaign,3900,3.495789357124,1115.6278601433085
Advantage+ shopping campaign CELL C Campaign,4000,3.495789357124,1144.2337027110857
Advantage+ shopping campaign CELL C Campaign,4100,3.495789357124,1172.8395452788627
Advantage+ shopping campaign CELL C Campaign,4200,3.495789357124,1201.44538784664
Advantage+ shopping campaign CELL C Campaign,4300,3.495789357124,1230.051230414417
Advantage+ shopping campaign CELL C Campaign,4400,3.495789357124,1258.6570729821942
Advantage+ shopping campaign CELL C Campaign,4500,3.495789357124,1287.2629155499712
Advantage+ shopping campaign CELL C Campaign,4600,3.495789357124,1315.8687581177485
Advantage+ shopping campaign CELL C Campaign,4700,3.495789357124,1344.4746006855255
Advantage+ shopping campaign CELL C Campaign,4800,3.495789357124,1373.0804432533027
Advantage+ shopping campaign CELL C Campaign,4900,3.495789357124,1401.6862858210798
Advantage+ shopping campaign CELL C Campaign,5000,3.495789357124,1430.292128388857
Blended Acquisition,0,0.9853917856865002,0.0
Blended Acquisition,100,1.0033563097040001,99.66549174290932
Blended Acquisition,200,0.9987705037860001,200.2462019471619
Blended Acquisition,300,0.9454139834225002,317.3213060737348
Blended Acquisition,400,0.9822370699480003,407.233663071967
Blended Acquisition,500,0.7099357581913667,704.2890771889005
Blended Acquisition,600,1.2125393392254107,494.8293062254702
Blended Acquisition,700,1.1583237982454109,604.321521374538
Blended Acquisition,800,1.1966424218734109,668.5372216267873
Blended Acquisition,900,1.4385101618605833,625.6473008407053
Blended Acquisition,1000,2.4262582787787297,412.1572747413171
Blended Acquisition,1100,2.4262582787787297,453.3730022154488
Blended Acquisition,1200,2.41577471554314,496.73506071537935
Blended Acquisition,1300,2.3713790829441397,548.2042113595817
Blended Acquisition,1400,3.650314696217864,383.528576714374
Blended Acquisition,1500,3.8857225397902324,386.02859175863244
Blended Acquisition,1600,3.5186840893278055,454.7154445756616
Blended Acquisition,1700,3.856537785071623,440.80989082502344
Blended Acquisition,1800,2.891530491486374,622.5077014749793
Blended Acquisition,1900,2.936312929750256,647.0699974616132
Blended Acquisition,2000,2.062277774893103,969.8014614465159
Blended Acquisition,2100,3.9797846177827836,527.6667462396373
Blended Acquisition,2200,2.724431676005389,807.507862786884
Blended Acquisition,2300,4.416735165562895,520.7466406256383
Blended Acquisition,2400,5.1516633807491745,465.8689480699305
Blended Acquisition,2500,4.451815594378972,561.568633515861
Blended Acquisition,2600,4.861650557437773,534.7977953747201
Blended Acquisition,2700,5.4370283705753994,496.5947970056775
Blended Acquisition,2800,5.239905779625279,534.3607533722173
Blended Acquisition,2900,4.72609056899964,613.6149863530516
Blended Acquisition,3000,4.8539112644033855,618.0582702450253
Blended Acquisition,3100,6.131177237391381,505.6125243117177
Blended Acquisition,3200,6.267361521911095,510.5816839849746
Blended Acquisition,3300,6.352215817573676,519.5037597542592
Blended Acquisition,3400,6.347550038993258,535.6397317254156
Blended Acquisition,3500,5.650262325244439,619.4402664036637
Blended Acquisition,3600,5.315750237547004,677.2327214645903
Blended Acquisition,3700,5.727930802674879,645.9575241851982
Blended Acquisition,3800,5.54350272646564,685.4871707482245
Blended Acquisition,3900,5.276287823404345,739.156037451281
Blended Acquisition,4000,5.37955757189101,743.5555706106011
Blended Acquisition,4100,5.403608912184257,758.7521722297794
Blended Acquisition,4200,5.666809592128037,741.1577770028424
Blended Acquisition,4300,5.4494755700707485,789.066754169186
Blended Acquisition,4400,5.03610983380675,873.6902381404338
Blended Acquisition,4500,5.4172637929082486,830.6776579517799
Blended Acquisition,4600,5.18023984714063,887.9897718517979
Blended Acquisition,4700,5.161061849823825,910.6653120540373
Blended Acquisition,4800,5.036770656524586,952.9915748262479
Blended Acquisition,4900,5.228570153405781,937.1586985034986
Blended Acquisition,5000,5.239431972485781,954.3019217077102
Blended Acquisition - France:Italy,0,2.5263248815379997,0.0
Blended Acquisition - France:Italy,100,2.5263248815379997,39.583190875720256
Blended Acquisition - France:Italy,200,2.4877459872179997,80.39405993521721
Blended Acquisition - France:Italy,300,2.4877459872179997,120.59108990282583
Blended Acquisition - France:Italy,400,2.4877459872179997,160.78811987043443
Blended Acquisition - France:Italy,500,2.5456161728499995,196.41609969825663
Blended Acquisition - France:Italy,600,2.3407308389899995,256.3301982464988
Blended Acquisition - France:Italy,700,2.4179029187199994,289.507074324791
Blended Acquisition - France:Italy,800,2.3833717871899993,335.6589199804206
Blended Acquisition - France:Italy,900,2.3162580833199993,388.5577373614552
Blended Acquisition - France:Italy,1000,2.8206635897,354.5265034978375
Blended Acquisition - France:Italy,1100,2.763635345538,398.0264624187826
Blended Acquisition - France:Italy,1200,2.514894953758,477.15710678366247
Blended Acquisition - France:Italy,1300,2.589808446738,501.96762684800814
Blended Acquisition - France:Italy,1400,3.3764658475500005,414.63472850343055
Blended Acquisition - France:Italy,1500,3.4001088554100005,441.162346203508
Blended Acquisition - France:Italy,1600,4.645231262849999,344.4392559733072
Blended Acquisition - France:Italy,1700,4.6095873332499995,368.79657051673894
Blended Acquisition - France:Italy,1800,5.311100237369999,338.9128277668021
Blended Acquisition - France:Italy,1900,6.159477064739998,308.46774491240063
Blended Acquisition - France:Italy,2000,6.129439690667998,326.2940987974769
Blended Acquisition - France:Italy,2100,6.555193688667994,320.3566667496467
Blended Acquisition - France:Italy,2200,6.555193688667994,335.6117461186775
Blended Acquisition - France:Italy,2300,6.470071955987994,355.4829089452971
Blended Acquisition - France:Italy,2400,6.470071955987994,370.9386875950926
Blended Acquisition - France:Italy,2500,6.470071955987994,386.3944662448881
Blended Acquisition - France:Italy,2600,6.470071955987994,401.8502448946836
Blended Acquisition - France:Italy,2700,6.470071955987994,417.30602354447916
Blended Acquisition - France:Italy,2800,6.470071955987994,432.7618021942747
Blended Acquisition - France:Italy,2900,6.470071955987994,448.2175808440702
Blended Acquisition - France:Italy,3000,6.470071955987994,463.67335949386575
Blended Acquisition - France:Italy,3100,6.470071955987994,479.12913814366124
Blended Acquisition - France:Italy,3200,6.470071955987994,494.5849167934568
Blended Acquisition - France:Italy,3300,6.470071955987994,510.04069544325233
Blended Acquisition - France:Italy,3400,6.470071955987994,525.4964740930478
Blended Acquisition - France:Italy,3500,6.470071955987994,540.9522527428434
Blended Acquisition - France:Italy,3600,6.470071955987994,556.4080313926389
Blended Acquisition - France:Italy,3700,6.470071955987994,571.8638100424345
Blended Acquisition - France:Italy,3800,6.470071955987994,587.3195886922299
Blended Acquisition - France:Italy,3900,6.470071955987994,602.7753673420254
Blended Acquisition - France:Italy,4000,6.470071955987994,618.231145991821
Blended Acquisition - France:Italy,4100,6.470071955987994,633.6869246416165
Blended Acquisition - France:Italy,4200,6.470071955987994,649.1427032914121
Blended Acquisition - France:Italy,4300,6.470071955987994,664.5984819412075
Blended Acquisition - France:Italy,4400,6.470071955987994,680.0542605910031
Blended Acquisition - France:Italy,4500,6.470071955987994,695.5100392407986
Blended Acquisition - France:Italy,4600,6.470071955987994,710.9658178905942
Blended Acquisition - France:Italy,4700,6.470071955987994,726.4215965403896
Blended Acquisition - France:Italy,4800,6.470071955987994,741.8773751901851
Blended Acquisition - France:Italy,4900,6.470071955987994,757.3331538399807
Blended Acquisition - France:Italy,5000,6.470071955987994,772.7889324897762
Character_8Sleep_ASC_Prospecting,0,2.8292202753287707,0.0
Character_8Sleep_ASC_Prospecting,100,2.8258655759087703,35.387387444231486
Character_8Sleep_ASC_Prospecting,200,2.7031896812567697,73.98666892920951
Character_8Sleep_ASC_Prospecting,300,2.554994635388936,117.4170762806053
Character_8Sleep_ASC_Prospecting,400,2.605682310027602,153.51065571603115
Character_8Sleep_ASC_Prospecting,500,2.6607293080589356,187.9184021033548
Character_8Sleep_ASC_Prospecting,600,2.470655054728079,242.8505747298812
Character_8Sleep_ASC_Prospecting,700,2.2036113116539204,317.6603769902665
Character_8Sleep_ASC_Prospecting,800,2.139322947452514,373.9500859150941
Character_8Sleep_ASC_Prospecting,900,2.150311884299349,418.54393614778036
Character_8Sleep_ASC_Prospecting,1000,2.8439302217776343,351.6260674549664
Character_8Sleep_ASC_Prospecting,1100,2.2553928323987407,487.7199147742641
Character_8Sleep_ASC_Prospecting,1200,3.097706781169127,387.3833402485886
Character_8Sleep_ASC_Prospecting,1300,2.537107875846967,512.3944521145041
Character_8Sleep_ASC_Prospecting,1400,3.0458171488135,459.6467652516077
Character_8Sleep_ASC_Prospecting,1500,2.617045608072703,573.16540276295
Character_8Sleep_ASC_Prospecting,1600,3.0719375528128925,520.8439209758421
Character_8Sleep_ASC_Prospecting,1700,3.1111367997145436,546.4240595771874
Character_8Sleep_ASC_Prospecting,1800,2.956093403283635,608.9117475112782
Character_8Sleep_ASC_Prospecting,1900,2.909328356176244,653.0716946976679
Character_8Sleep_ASC_Prospecting,2000,2.6998218340718085,740.7896235077285
Character_8Sleep_ASC_Prospecting,2100,2.8239618658622927,743.6361040798856
Character_8Sleep_ASC_Prospecting,2200,2.8961667220475333,759.6247768652776
Character_8Sleep_ASC_Prospecting,2300,2.7943061782881675,823.1023564529401
Character_8Sleep_ASC_Prospecting,2400,4.378823470194836,548.092430840381
Character_8Sleep_ASC_Prospecting,2500,4.447629047136833,562.0972373155487
Character_8Sleep_ASC_Prospecting,2600,4.470549441866834,581.5839940502435
Character_8Sleep_ASC_Prospecting,2700,4.425648845666834,610.0800343984765
Character_8Sleep_ASC_Prospecting,2800,4.643031081076001,603.054330480836
Character_8Sleep_ASC_Prospecting,2900,4.467323121135999,649.1583262198765
Character_8Sleep_ASC_Prospecting,3000,4.40355663212,681.2674959412781
Character_8Sleep_ASC_Prospecting,3100,4.374461982939999,708.6585760922637
Character_8Sleep_ASC_Prospecting,3200,4.381632870319999,730.3213424556718
Character_8Sleep_ASC_Prospecting,3300,4.1598439371,793.2989914762445
Character_8Sleep_ASC_Prospecting,3400,4.1752081116,814.3306654712047
Character_8Sleep_ASC_Prospecting,3500,4.1752081116,838.2815673968285
Character_8Sleep_ASC_Prospecting,3600,4.1752081116,862.2324693224521
Character_8Sleep_ASC_Prospecting,3700,4.1752081116,886.1833712480758
Character_8Sleep_ASC_Prospecting,3800,4.1752081116,910.1342731736994
Character_8Sleep_ASC_Prospecting,3900,4.1752081116,934.0851750993231
Character_8Sleep_ASC_Prospecting,4000,4.1752081116,958.0360770249467
Character_8Sleep_ASC_Prospecting,4100,4.1752081116,981.9869789505705
Character_8Sleep_ASC_Prospecting,4200,4.1752081116,1005.9378808761941
Character_8Sleep_ASC_Prospecting,4300,4.1752081116,1029.8887828018178
Character_8Sleep_ASC_Prospecting,4400,4.1752081116,1053.8396847274414
Character_8Sleep_ASC_Prospecting,4500,4.1752081116,1077.790586653065
Character_8Sleep_ASC_Prospecting,4600,4.1752081116,1101.7414885786889
Character_8Sleep_ASC_Prospecting,4700,4.1752081116,1125.6923905043125
Character_8Sleep_ASC_Prospecting,4800,4.1752081116,1149.643292429936
Character_8Sleep_ASC_Prospecting,4900,4.1752081116,1173.5941943555597
Character_8Sleep_ASC_Prospecting,5000,4.1752081116,1197.5450962811835
Character_8Sleep_ASC_Prospecting_EDU,0,1.6892960542788,0.0
Character_8Sleep_ASC_Prospecting_EDU,100,1.6834812330588003,59.40072157401188
Character_8Sleep_ASC_Prospecting_EDU,200,1.7366846092088002,115.16195798563339
Character_8Sleep_ASC_Prospecting_EDU,300,1.8185890640234672,164.9630507159636
Character_8Sleep_ASC_Prospecting_EDU,400,1.9943209062214668,200.56952657526847
Character_8Sleep_ASC_Prospecting_EDU,500,2.1596767678934667,231.5161265950443
Character_8Sleep_ASC_Prospecting_EDU,600,2.7462657959974672,218.4784884531087
Character_8Sleep_ASC_Prospecting_EDU,700,2.982617182111467,234.69320977506507
Character_8Sleep_ASC_Prospecting_EDU,800,1.81842987952904,439.93997734308795
Character_8Sleep_ASC_Prospecting_EDU,900,2.9538779380992524,304.684221508194
Character_8Sleep_ASC_Prospecting_EDU,1000,2.7766646305298686,360.1443217178053
Character_8Sleep_ASC_Prospecting_EDU,1100,3.316251113199377,331.6998509617588
Character_8Sleep_ASC_Prospecting_EDU,1200,3.61828293162951,331.6490232176439
Character_8Sleep_ASC_Prospecting_EDU,1300,3.6874437632236425,352.5477494641199
Character_8Sleep_ASC_Prospecting_EDU,1400,3.2681687380312576,428.3744543873701
Character_8Sleep_ASC_Prospecting_EDU,1500,2.413021459729188,621.6272938444336
Character_8Sleep_ASC_Prospecting_EDU,1600,2.850236527291071,561.3569206204356
Character_8Sleep_ASC_Prospecting_EDU,1700,3.2673455726351524,520.3000301645259
Character_8Sleep_ASC_Prospecting_EDU,1800,3.70495390682794,485.83600370378184
Character_8Sleep_ASC_Prospecting_EDU,1900,4.213030265418754,450.9818065147817
Character_8Sleep_ASC_Prospecting_EDU,2000,3.6432434070327644,548.9613996526513
Character_8Sleep_ASC_Prospecting_EDU,2100,3.0738963936653625,683.1720172246687
Character_8Sleep_ASC_Prospecting_EDU,2200,3.077997888299886,714.7503279201914
Character_8Sleep_ASC_Prospecting_EDU,2300,3.0242225566598866,760.5260383151971
Character_8Sleep_ASC_Prospecting_EDU,2400,2.982972277157533,804.5666459518537
Character_8Sleep_ASC_Prospecting_EDU,2500,2.948685639302078,847.8353767788291
Character_8Sleep_ASC_Prospecting_EDU,2600,3.053756379215412,851.4104195397559
Character_8Sleep_ASC_Prospecting_EDU,2700,3.7258483349951166,724.6671783819506
Character_8Sleep_ASC_Prospecting_EDU,2800,4.1631281426751165,672.5711782200376
Character_8Sleep_ASC_Prospecting_EDU,2900,4.283211415615116,677.0620729641308
Character_8Sleep_ASC_Prospecting_EDU,3000,4.523427393302545,663.2139170492369
Character_8Sleep_ASC_Prospecting_EDU,3100,4.4275093244225445,700.1679212509204
Character_8Sleep_ASC_Prospecting_EDU,3200,4.440707337142545,720.6059208709528
Character_8Sleep_ASC_Prospecting_EDU,3300,4.500573894762544,733.2398216681457
Character_8Sleep_ASC_Prospecting_EDU,3400,4.563870753082545,744.9816578840582
Character_8Sleep_ASC_Prospecting_EDU,3500,4.820331403767999,726.091155737568
Character_8Sleep_ASC_Prospecting_EDU,3600,4.707845831448,764.6809451474204
Character_8Sleep_ASC_Prospecting_EDU,3700,4.755952034367999,777.9725222758012
Character_8Sleep_ASC_Prospecting_EDU,3800,4.755952034367999,798.9988066616337
Character_8Sleep_ASC_Prospecting_EDU,3900,4.755952034367999,820.0250910474662
Character_8Sleep_ASC_Prospecting_EDU,4000,4.755952034367999,841.0513754332986
Character_8Sleep_ASC_Prospecting_EDU,4100,4.755952034367999,862.0776598191311
Character_8Sleep_ASC_Prospecting_EDU,4200,4.755952034367999,883.1039442049636
Character_8Sleep_ASC_Prospecting_EDU,4300,4.755952034367999,904.130228590796
Character_8Sleep_ASC_Prospecting_EDU,4400,4.755952034367999,925.1565129766285
Character_8Sleep_ASC_Prospecting_EDU,4500,4.755952034367999,946.1827973624609
Character_8Sleep_ASC_Prospecting_EDU,4600,4.755952034367999,967.2090817482933
Character_8Sleep_ASC_Prospecting_EDU,4700,4.755952034367999,988.2353661341258
Character_8Sleep_ASC_Prospecting_EDU,4800,4.755952034367999,1009.2616505199583
Character_8Sleep_ASC_Prospecting_EDU,4900,4.755952034367999,1030.2879349057907
Character_8Sleep_ASC_Prospecting_EDU,5000,4.755952034367999,1051.3142192916232
Character_8Sleep_ASC_Prospecting_Sales+Promos,0,3.925606716663199,0.0
Character_8Sleep_ASC_Prospecting_Sales+Promos,100,4.1135083435632,24.310148818946622
Character_8Sleep_ASC_Prospecting_Sales+Promos,200,4.1135083435632,48.620297637893245
Character_8Sleep_ASC_Prospecting_Sales+Promos,300,3.9087021463493996,76.75181908659636
Character_8Sleep_ASC_Prospecting_Sales+Promos,400,4.028544951317401,99.29143272168115
Character_8Sleep_ASC_Prospecting_Sales+Promos,500,4.042978361577333,123.67120357402291
Character_8Sleep_ASC_Prospecting_Sales+Promos,600,4.115950047403999,145.77436389890846
Character_8Sleep_ASC_Prospecting_Sales+Promos,700,4.246386766271998,164.84602993771722
Character_8Sleep_ASC_Prospecting_Sales+Promos,800,3.025549268659008,264.4147984258667
Character_8Sleep_ASC_Prospecting_Sales+Promos,900,2.8166019514593126,319.5339687717322
Character_8Sleep_ASC_Prospecting_Sales+Promos,1000,1.7855119119737146,560.0634715982345
Character_8Sleep_ASC_Prospecting_Sales+Promos,1100,4.518091367877025,243.4656385704903
Character_8Sleep_ASC_Prospecting_Sales+Promos,1200,4.113333669857502,291.73417386330624
Character_8Sleep_ASC_Prospecting_Sales+Promos,1300,2.091751119131146,621.4888511879859
Character_8Sleep_ASC_Prospecting_Sales+Promos,1400,2.221933662470817,630.0818173136561
Character_8Sleep_ASC_Prospecting_Sales+Promos,1500,2.197434954033329,682.6140620211728
Character_8Sleep_ASC_Prospecting_Sales+Promos,1600,3.617032566147466,442.35156049594946
Character_8Sleep_ASC_Prospecting_Sales+Promos,1700,3.55970704081335,477.5673898185651
Character_8Sleep_ASC_Prospecting_Sales+Promos,1800,4.725246411455001,380.9325151036394
Character_8Sleep_ASC_Prospecting_Sales+Promos,1900,4.474404827695,424.63748211598215
Character_8Sleep_ASC_Prospecting_Sales+Promos,2000,4.217561192613333,474.20770171700514
Character_8Sleep_ASC_Prospecting_Sales+Promos,2100,4.2447354638300006,494.7304768210884
Character_8Sleep_ASC_Prospecting_Sales+Promos,2200,4.187225334300001,525.4075967630686
Character_8Sleep_ASC_Prospecting_Sales+Promos,2300,5.087175906570001,452.1172537064404
Character_8Sleep_ASC_Prospecting_Sales+Promos,2400,4.504642546525801,532.7836726692102
Character_8Sleep_ASC_Prospecting_Sales+Promos,2500,4.505025647951601,554.9357973437354
Character_8Sleep_ASC_Prospecting_Sales+Promos,2600,4.5443869878916,572.1343730029225
Character_8Sleep_ASC_Prospecting_Sales+Promos,2700,4.7989473829316,562.6233806194836
Character_8Sleep_ASC_Prospecting_Sales+Promos,2800,5.152274384331601,543.4493179390797
Character_8Sleep_ASC_Prospecting_Sales+Promos,2900,4.686492804891601,618.799627084262
Character_8Sleep_ASC_Prospecting_Sales+Promos,3000,4.9949826569516,600.6026859422325
Character_8Sleep_ASC_Prospecting_Sales+Promos,3100,4.9949826569516,620.6227754736402
Character_8Sleep_ASC_Prospecting_Sales+Promos,3200,4.9974735822916,640.3235449486127
Character_8Sleep_ASC_Prospecting_Sales+Promos,3300,4.9816560145116,662.4303224443993
Character_8Sleep_ASC_Prospecting_Sales+Promos,3400,4.9816560145116,682.503968579078
Character_8Sleep_ASC_Prospecting_Sales+Promos,3500,4.9300462765316,709.9324841352868
Character_8Sleep_ASC_Prospecting_Sales+Promos,3600,4.9300462765316,730.2162693962949
Character_8Sleep_ASC_Prospecting_Sales+Promos,3700,4.9300462765316,750.5000546573032
Character_8Sleep_ASC_Prospecting_Sales+Promos,3800,4.9300462765316,770.7838399183114
Character_8Sleep_ASC_Prospecting_Sales+Promos,3900,4.9300462765316,791.0676251793195
Character_8Sleep_ASC_Prospecting_Sales+Promos,4000,4.9300462765316,811.3514104403278
Character_8Sleep_ASC_Prospecting_Sales+Promos,4100,4.9300462765316,831.635195701336
Character_8Sleep_ASC_Prospecting_Sales+Promos,4200,4.9300462765316,851.9189809623441
Character_8Sleep_ASC_Prospecting_Sales+Promos,4300,4.9300462765316,872.2027662233523
Character_8Sleep_ASC_Prospecting_Sales+Promos,4400,4.9300462765316,892.4865514843606
Character_8Sleep_ASC_Prospecting_Sales+Promos,4500,4.9300462765316,912.7703367453687
Character_8Sleep_ASC_Prospecting_Sales+Promos,4600,4.9300462765316,933.0541220063769
Character_8Sleep_ASC_Prospecting_Sales+Promos,4700,4.9300462765316,953.3379072673852
Character_8Sleep_ASC_Prospecting_Sales+Promos,4800,4.9300462765316,973.6216925283933
Character_8Sleep_ASC_Prospecting_Sales+Promos,4900,4.9300462765316,993.9054777894015
Character_8Sleep_ASC_Prospecting_Sales+Promos,5000,4.9300462765316,1014.1892630504097
Character_8Sleep_Prospecting,0,0.8127518181592001,0.0
Character_8Sleep_Prospecting,100,0.6894577826593999,145.0415130775326
Character_8Sleep_Prospecting,200,0.49587779133999993,403.32518110872496
Character_8Sleep_Prospecting,300,0.4951891511402,605.8291045133635
Character_8Sleep_Prospecting,400,0.4636312279587999,862.7546547307758
Character_8Sleep_Prospecting,500,0.6063882087014,824.5542918302555
Character_8Sleep_Prospecting,600,0.7335504696099998,817.9396304101565
Character_8Sleep_Prospecting,700,0.6577268939644,1064.271518199297
Character_8Sleep_Prospecting,800,0.6562054719239999,1219.1303398528412
Character_8Sleep_Prospecting,900,0.9212537769215,976.9295090517593
Character_8Sleep_Prospecting,1000,1.5085030908291968,662.908817409395
Character_8Sleep_Prospecting,1100,2.741460238325446,401.24601649225747
Character_8Sleep_Prospecting,1200,3.287313832368694,365.0396832161694
Character_8Sleep_Prospecting,1300,3.3200632395286944,391.5588066281966
Character_8Sleep_Prospecting,1400,3.4029954528314943,411.40225410384164
Character_8Sleep_Prospecting,1500,2.1204411785919355,707.3999576805355
Character_8Sleep_Prospecting,1600,3.2305631671555037,495.26968432838066
Character_8Sleep_Prospecting,1700,3.2305631671555037,526.2240395989045
Character_8Sleep_Prospecting,1800,3.1414307886875044,572.9873172701804
Character_8Sleep_Prospecting,1900,3.206630184102171,592.522333700911
Character_8Sleep_Prospecting,2000,3.334839937962382,599.7289336837013
Character_8Sleep_Prospecting,2100,3.6779972658676003,570.9629040478997
Character_8Sleep_Prospecting,2200,2.758949964188661,797.4048201511932
Character_8Sleep_Prospecting,2300,2.8889870034039946,796.1268075245713
Character_8Sleep_Prospecting,2400,2.8476189796010294,842.8093846797777
Character_8Sleep_Prospecting,2500,4.006516803993254,623.9834056126449
Character_8Sleep_Prospecting,2600,4.349293180028856,597.7982840841164
Character_8Sleep_Prospecting,2700,4.300879164935481,627.7786230342753
Character_8Sleep_Prospecting,2800,4.179847121370878,669.8809594456351
Character_8Sleep_Prospecting,2900,4.414348780959499,656.948543012421
Character_8Sleep_Prospecting,3000,3.8425022144151937,780.7412546817706
Character_8Sleep_Prospecting,3100,4.635971664706592,668.6839834678319
Character_8Sleep_Prospecting,3200,3.8968034866521437,821.1858799041499
Character_8Sleep_Prospecting,3300,4.045398586792143,815.7416208069579
Character_8Sleep_Prospecting,3400,4.048105547552143,839.8990490887652
Character_8Sleep_Prospecting,3500,5.0413846911921425,694.2537049622275
Character_8Sleep_Prospecting,3600,4.067002664492142,885.1727665267075
Character_8Sleep_Prospecting,3700,5.130269627252143,721.2096573531908
Character_8Sleep_Prospecting,3800,4.1991045163521425,904.9548505406449
Character_8Sleep_Prospecting,3900,4.245651248712143,918.5869897304939
Character_8Sleep_Prospecting,4000,4.629874519227143,863.9543001411004
Character_8Sleep_Prospecting,4100,5.479150883987144,748.2911288284246
Character_8Sleep_Prospecting,4200,6.675779236140001,629.1400376547622
Character_8Sleep_Prospecting,4300,6.675779236140001,644.119562360828
Character_8Sleep_Prospecting,4400,6.675779236140001,659.0990870668937
Character_8Sleep_Prospecting,4500,6.534280279879999,688.6756929996033
Character_8Sleep_Prospecting,4600,6.5376042847399995,703.6216631736594
Character_8Sleep_Prospecting,4700,6.5376042847399995,718.9177862861302
Character_8Sleep_Prospecting,4800,6.449340237,744.2621762242127
Character_8Sleep_Prospecting,4900,6.449340237,759.7676382288838
Character_8Sleep_Prospecting,5000,6.449340237,775.2731002335549
Character_8Sleep_Sales&Creative_testing,0,0.6311584611294785,0.0
Character_8Sleep_Sales&Creative_testing,100,0.6667331464894783,149.98504353132245
Character_8Sleep_Sales&Creative_testing,200,0.7021411795664,284.84299998400314
Character_8Sleep_Sales&Creative_testing,300,0.6867866618270999,436.81687003339863
Character_8Sleep_Sales&Creative_testing,400,0.5633481319106426,710.0405190718683
Character_8Sleep_Sales&Creative_testing,500,0.7534067383046427,663.6521477431003
Character_8Sleep_Sales&Creative_testing,600,0.627357960290376,956.3917858351342
Character_8Sleep_Sales&Creative_testing,700,0.7600004816702328,921.0520478376917
Character_8Sleep_Sales&Creative_testing,800,0.7005534727312521,1141.9542278208044
Character_8Sleep_Sales&Creative_testing,900,0.45412990442796464,1981.8117926712323
Character_8Sleep_Sales&Creative_testing,1000,0.38164199010941063,2620.2567482506734
Character_8Sleep_Sales&Creative_testing,1100,0.7975585746547869,1379.2090448982021
Character_8Sleep_Sales&Creative_testing,1200,0.794448308839787,1510.482163090612
Character_8Sleep_Sales&Creative_testing,1300,0.7025938430732869,1850.2866383137352
Character_8Sleep_Sales&Creative_testing,1400,1.2789423931992778,1094.6544640669047
Character_8Sleep_Sales&Creative_testing,1500,1.0162598988781941,1476.0003830277924
Character_8Sleep_Sales&Creative_testing,1600,1.0912885322143528,1466.156706286844
Character_8Sleep_Sales&Creative_testing,1700,1.1583060662780746,1467.6604478663594
Character_8Sleep_Sales&Creative_testing,1800,1.1140399285033127,1615.7410106640066
Character_8Sleep_Sales&Creative_testing,1900,1.3372154236942921,1420.863060905263
Character_8Sleep_Sales&Creative_testing,2000,1.3849496796139504,1444.095788778039
Character_8Sleep_Sales&Creative_testing,2100,1.9776556609310671,1061.8633169999543
Character_8Sleep_Sales&Creative_testing,2200,2.1956483123750665,1001.9819602257824
Character_8Sleep_Sales&Creative_testing,2300,2.5161655539130656,914.0892960811377
Character_8Sleep_Sales&Creative_testing,2400,3.4671900701559992,692.2031822420445
Character_8Sleep_Sales&Creative_testing,2500,3.516595934456,710.9147728644969
Character_8Sleep_Sales&Creative_testing,2600,3.4839282501359996,746.2840257684715
Character_8Sleep_Sales&Creative_testing,2700,3.4839282501359996,774.9872575287973
Character_8Sleep_Sales&Creative_testing,2800,3.4992482780359997,800.1718590746975
Character_8Sleep_Sales&Creative_testing,2900,3.4992482780359997,828.7494254702225
Character_8Sleep_Sales&Creative_testing,3000,3.4992482780359997,857.3269918657473
Character_8Sleep_Sales&Creative_testing,3100,3.4992482780359997,885.9045582612723
Character_8Sleep_Sales&Creative_testing,3200,3.4992482780359997,914.4821246567972
Character_8Sleep_Sales&Creative_testing,3300,3.4992482780359997,943.0596910523221
Character_8Sleep_Sales&Creative_testing,3400,3.4992482780359997,971.637257447847
Character_8Sleep_Sales&Creative_testing,3500,3.4992482780359997,1000.214823843372
Character_8Sleep_Sales&Creative_testing,3600,3.4992482780359997,1028.7923902388968
Character_8Sleep_Sales&Creative_testing,3700,3.4992482780359997,1057.3699566344217
Character_8Sleep_Sales&Creative_testing,3800,3.4992482780359997,1085.9475230299468
Character_8Sleep_Sales&Creative_testing,3900,3.4992482780359997,1114.5250894254716
Character_8Sleep_Sales&Creative_testing,4000,3.4992482780359997,1143.1026558209965
Character_8Sleep_Sales&Creative_testing,4100,3.4992482780359997,1171.6802222165213
Character_8Sleep_Sales&Creative_testing,4200,3.4992482780359997,1200.2577886120464
Character_8Sleep_Sales&Creative_testing,4300,3.4992482780359997,1228.8353550075713
Character_8Sleep_Sales&Creative_testing,4400,3.4992482780359997,1257.412921403096
Character_8Sleep_Sales&Creative_testing,4500,3.4992482780359997,1285.990487798621
Character_8Sleep_Sales&Creative_testing,4600,3.4992482780359997,1314.568054194146
Character_8Sleep_Sales&Creative_testing,4700,3.4992482780359997,1343.145620589671
Character_8Sleep_Sales&Creative_testing,4800,3.4992482780359997,1371.7231869851958
Character_8Sleep_Sales&Creative_testing,4900,3.4992482780359997,1400.3007533807206
Character_8Sleep_Sales&Creative_testing,5000,3.4992482780359997,1428.8783197762457
Prospecting - Black Crow LAL - 1180,0,0.5181609758320002,0.0
Prospecting - Black Crow LAL - 1180,100,0.49241759223600007,203.079665667333
Prospecting - Black Crow LAL - 1180,200,0.47282483387600005,422.9896267513958
Prospecting - Black Crow LAL - 1180,300,0.4310064696026668,696.0452363431154
Prospecting - Black Crow LAL - 1180,400,0.43605757320066674,917.310063127665
Prospecting - Black Crow LAL - 1180,500,0.9858831552553332,507.1594918066181
Prospecting - Black Crow LAL - 1180,600,1.6415768859371567,365.50222236923565
Prospecting - Black Crow LAL - 1180,700,1.7159779779293907,407.9306430521125
Prospecting - Black Crow LAL - 1180,800,1.6785793152135797,476.5935054419572
Prospecting - Black Crow LAL - 1180,900,1.2399610633689142,725.8292430205378
Prospecting - Black Crow LAL - 1180,1000,2.3707666346479983,421.8044852603031
Prospecting - Black Crow LAL - 1180,1100,2.477922968373999,443.92017590515115
Prospecting - Black Crow LAL - 1180,1200,2.4579473781979995,488.21224190721233
Prospecting - Black Crow LAL - 1180,1300,2.4776581722339994,524.6890045481315
Prospecting - Black Crow LAL - 1180,1400,2.4918609458139995,561.829103005052
Prospecting - Black Crow LAL - 1180,1500,2.544988332474,589.3936647410246
Prospecting - Black Crow LAL - 1180,1600,2.544988332474,628.6865757237596
Prospecting - Black Crow LAL - 1180,1700,2.544988332474,667.9794867064945
Prospecting - Black Crow LAL - 1180,1800,2.544988332474,707.2723976892296
Prospecting - Black Crow LAL - 1180,1900,2.544988332474,746.5653086719645
Prospecting - Black Crow LAL - 1180,2000,2.544988332474,785.8582196546995
Prospecting - Black Crow LAL - 1180,2100,2.544988332474,825.1511306374344
Prospecting - Black Crow LAL - 1180,2200,2.544988332474,864.4440416201694
Prospecting - Black Crow LAL - 1180,2300,2.544988332474,903.7369526029045
Prospecting - Black Crow LAL - 1180,2400,2.544988332474,943.0298635856394
Prospecting - Black Crow LAL - 1180,2500,2.544988332474,982.3227745683744
Prospecting - Black Crow LAL - 1180,2600,2.544988332474,1021.6156855511093
Prospecting - Black Crow LAL - 1180,2700,2.544988332474,1060.9085965338443
Prospecting - Black Crow LAL - 1180,2800,2.544988332474,1100.2015075165793
Prospecting - Black Crow LAL - 1180,2900,2.544988332474,1139.4944184993142
Prospecting - Black Crow LAL - 1180,3000,2.544988332474,1178.7873294820492
Prospecting - Black Crow LAL - 1180,3100,2.544988332474,1218.0802404647843
Prospecting - Black Crow LAL - 1180,3200,2.544988332474,1257.3731514475191
Prospecting - Black Crow LAL - 1180,3300,2.544988332474,1296.6660624302542
Prospecting - Black Crow LAL - 1180,3400,2.544988332474,1335.958973412989
Prospecting - Black Crow LAL - 1180,3500,2.544988332474,1375.2518843957241
Prospecting - Black Crow LAL - 1180,3600,2.544988332474,1414.5447953784592
Prospecting - Black Crow LAL - 1180,3700,2.544988332474,1453.837706361194
Prospecting - Black Crow LAL - 1180,3800,2.544988332474,1493.130617343929
Prospecting - Black Crow LAL - 1180,3900,2.544988332474,1532.423528326664
Prospecting - Black Crow LAL - 1180,4000,2.544988332474,1571.716439309399
Prospecting - Black Crow LAL - 1180,4100,2.544988332474,1611.009350292134
Prospecting - Black Crow LAL - 1180,4200,2.544988332474,1650.302261274869
Prospecting - Black Crow LAL - 1180,4300,2.544988332474,1689.595172257604
Prospecting - Black Crow LAL - 1180,4400,2.544988332474,1728.8880832403388
Prospecting - Black Crow LAL - 1180,4500,2.544988332474,1768.1809942230739
Prospecting - Black Crow LAL - 1180,4600,2.544988332474,1807.473905205809
Prospecting - Black Crow LAL - 1180,4700,2.544988332474,1846.7668161885438
Prospecting - Black Crow LAL - 1180,4800,2.544988332474,1886.0597271712788
Prospecting - Black Crow LAL - 1180,4900,2.544988332474,1925.3526381540137
Prospecting - Black Crow LAL - 1180,5000,2.544988332474,1964.6455491367487
Prospecting - Black Crow LAL - ABO,0,3.5378312437505697,0.0
Prospecting - Black Crow LAL - ABO,100,3.5378312437505697,28.26590447937442
Prospecting - Black Crow LAL - ABO,200,3.5721946911505693,55.98798981910528
Prospecting - Black Crow LAL - ABO,300,3.7828766414345694,79.30472717879373
Prospecting - Black Crow LAL - ABO,400,3.7819584532545694,105.76530782768897
Prospecting - Black Crow LAL - ABO,500,3.7355298313545693,133.84982119623206
Prospecting - Black Crow LAL - ABO,600,3.6242803901545693,165.5501052374182
Prospecting - Black Crow LAL - ABO,700,3.7820946148545693,185.0826251809453
Prospecting - Black Crow LAL - ABO,800,3.8220636968665698,209.31100668360432
Prospecting - Black Crow LAL - ABO,900,3.8220636968665698,235.47488251905486
Prospecting - Black Crow LAL - ABO,1000,2.98093569403468,335.46513666871675
Prospecting - Black Crow LAL - ABO,1100,2.3289260367863376,472.3207103295901
Prospecting - Black Crow LAL - ABO,1200,2.2250948888013378,539.3028432357966
Prospecting - Black Crow LAL - ABO,1300,2.1932916601419645,592.7164287470346
Prospecting - Black Crow LAL - ABO,1400,2.1974072960919644,637.1144769064279
Prospecting - Black Crow LAL - ABO,1500,3.0651589009566935,489.37104028499857
Prospecting - Black Crow LAL - ABO,1600,3.8958506470948397,410.6933619729827
Prospecting - Black Crow LAL - ABO,1700,3.6673264221352935,463.5529550189804
Prospecting - Black Crow LAL - ABO,1800,3.627781245310944,496.17104182524065
Prospecting - Black Crow LAL - ABO,1900,3.145531336780394,604.0314962955491
Prospecting - Black Crow LAL - ABO,2000,8.268295057588578,241.88783613429655
Prospecting - Black Crow LAL - ABO,2100,3.0485021008798077,688.8629006993084
Prospecting - Black Crow LAL - ABO,2200,3.0632903093409545,718.1820127499815
Prospecting - Black Crow LAL - ABO,2300,5.732672716983343,401.20901951826585
Prospecting - Black Crow LAL - ABO,2400,5.879503884598632,408.197706321243
Prospecting - Black Crow LAL - ABO,2500,5.628238719142254,444.1886929026708
Prospecting - Black Crow LAL - ABO,2600,5.813475924982721,447.23673642937257
Prospecting - Black Crow LAL - ABO,2700,6.141018751922044,439.6664639975154
Prospecting - Black Crow LAL - ABO,2800,6.239224658712044,448.77371038246935
Prospecting - Black Crow LAL - ABO,2900,5.714529754735067,507.47832708317884
Prospecting - Black Crow LAL - ABO,3000,6.765807943831561,443.4060240706541
Prospecting - Black Crow LAL - ABO,3100,6.8968488521828,449.48063477117864
Prospecting - Black Crow LAL - ABO,3200,6.709973694007371,476.90201868569125
Prospecting - Black Crow LAL - ABO,3300,5.897712111305419,559.5390106740166
Prospecting - Black Crow LAL - ABO,3400,7.207416338402875,471.73631164942833
Prospecting - Black Crow LAL - ABO,3500,7.3528279249149,476.0073315656314
Prospecting - Black Crow LAL - ABO,3600,6.746135485240609,533.6388526255046
Prospecting - Black Crow LAL - ABO,3700,7.107385235788942,520.5852612812943
Prospecting - Black Crow LAL - ABO,3800,7.273083067941609,522.4744395880324
Prospecting - Black Crow LAL - ABO,3900,8.181452936130908,476.68794655981355
Prospecting - Black Crow LAL - ABO,4000,7.910398927316157,505.6634989908305
Prospecting - Black Crow LAL - ABO,4100,11.496475770067741,356.6310304132308
Prospecting - Black Crow LAL - ABO,4200,10.461009282095512,401.490896981469
Prospecting - Black Crow LAL - ABO,4300,12.182456443368851,352.96658108230497
Prospecting - Black Crow LAL - ABO,4400,12.426109632584852,354.0931256925279
Prospecting - Black Crow LAL - ABO,4500,12.576248997184853,357.8173429141955
Prospecting - Black Crow LAL - ABO,4600,12.511720381784853,367.65527518476955
Prospecting - Black Crow LAL - ABO,4700,11.791270940931518,398.5999493646354
Prospecting - Black Crow LAL - ABO,4800,12.07222917633152,397.6067658996027
Prospecting - Black Crow LAL - ABO,4900,11.406379509676515,429.58416348001765
Prospecting - Black Crow LAL - ABO,5000,11.858110998216516,421.65231888552995
Prospecting - Black Crow LAL - ABO - CELL C,0,1.7441231288280001,0.0
Prospecting - Black Crow LAL - ABO - CELL C,100,1.7217270850720001,58.08121441954208
Prospecting - Black Crow LAL - ABO - CELL C,200,1.8350835314760001,108.98686439583237
Prospecting - Black Crow LAL - ABO - CELL C,300,1.8105629410660002,165.69432257536974
Prospecting - Black Crow LAL - ABO - CELL C,400,1.8134392859360002,220.57534713302599
Prospecting - Black Crow LAL - ABO - CELL C,500,1.81575825862,275.36705264940196
Prospecting - Black Crow LAL - ABO - CELL C,600,1.8415948523760002,325.80455968688676
Prospecting - Black Crow LAL - ABO - CELL C,700,1.8415948523760002,380.10531963470123
Prospecting - Black Crow LAL - ABO - CELL C,800,2.038999918360001,392.3492064891559
Prospecting - Black Crow LAL - ABO - CELL C,900,2.038999918360001,441.39285730030036
Prospecting - Black Crow LAL - ABO - CELL C,1000,2.380005668780001,420.1670664560238
Prospecting - Black Crow LAL - ABO - CELL C,1100,2.469242473140001,445.4807545089689
Prospecting - Black Crow LAL - ABO - CELL C,1200,2.469242473140001,485.97900491887515
Prospecting - Black Crow LAL - ABO - CELL C,1300,2.469242473140001,526.4772553287814
Prospecting - Black Crow LAL - ABO - CELL C,1400,2.4056546006660007,581.962181774729
Prospecting - Black Crow LAL - ABO - CELL C,1500,2.425607235282001,618.401849310781
Prospecting - Black Crow LAL - ABO - CELL C,1600,2.531716926290001,631.9821870230387
Prospecting - Black Crow LAL - ABO - CELL C,1700,3.335559957946,509.65955384799645
Prospecting - Black Crow LAL - ABO - CELL C,1800,3.448143824424,522.0199886240777
Prospecting - Black Crow LAL - ABO - CELL C,1900,3.545104451646,535.9503579980064
Prospecting - Black Crow LAL - ABO - CELL C,2000,3.535247925200001,565.7311855679409
Prospecting - Black Crow LAL - ABO - CELL C,2100,2.8931409824266683,725.8547069623241
Prospecting - Black Crow LAL - ABO - CELL C,2200,2.6746492616686677,822.5377553344912
Prospecting - Black Crow LAL - ABO - CELL C,2300,2.7278889109033337,843.1428387009942
Prospecting - Black Crow LAL - ABO - CELL C,2400,2.716753670289333,883.4072909320487
Prospecting - Black Crow LAL - ABO - CELL C,2500,2.958870600483333,844.916975954144
Prospecting - Black Crow LAL - ABO - CELL C,2600,3.16304432437,821.992907265963
Prospecting - Black Crow LAL - ABO - CELL C,2700,3.1614157363099995,854.0477511355202
Prospecting - Black Crow LAL - ABO - CELL C,2800,3.1441513769319998,890.5423640041735
Prospecting - Black Crow LAL - ABO - CELL C,2900,3.601771423106,805.1593672480124
Prospecting - Black Crow LAL - ABO - CELL C,3000,3.602202373746,832.823836291086
Prospecting - Black Crow LAL - ABO - CELL C,3100,3.602202373746,860.5846308341222
Prospecting - Black Crow LAL - ABO - CELL C,3200,3.454718142598,926.2694865154909
Prospecting - Black Crow LAL - ABO - CELL C,3300,3.678620793378,897.0753402852592
Prospecting - Black Crow LAL - ABO - CELL C,3400,3.7027708069520004,918.2312860456974
Prospecting - Black Crow LAL - ABO - CELL C,3500,3.7027708069520004,945.2380885764532
Prospecting - Black Crow LAL - ABO - CELL C,3600,3.7027708069520004,972.244891107209
Prospecting - Black Crow LAL - ABO - CELL C,3700,3.6954879775700005,1001.2209544334565
Prospecting - Black Crow LAL - ABO - CELL C,3800,3.6954879775700005,1028.2809802289553
Prospecting - Black Crow LAL - ABO - CELL C,3900,3.6954879775700005,1055.3410060244541
Prospecting - Black Crow LAL - ABO - CELL C,4000,3.6954879775700005,1082.401031819953
Prospecting - Black Crow LAL - ABO - CELL C,4100,3.6954879775700005,1109.4610576154519
Prospecting - Black Crow LAL - ABO - CELL C,4200,3.6954879775700005,1136.5210834109507
Prospecting - Black Crow LAL - ABO - CELL C,4300,3.6954879775700005,1163.5811092064496
Prospecting - Black Crow LAL - ABO - CELL C,4400,3.6954879775700005,1190.6411350019484
Prospecting - Black Crow LAL - ABO - CELL C,4500,3.6954879775700005,1217.701160797447
Prospecting - Black Crow LAL - ABO - CELL C,4600,3.6954879775700005,1244.761186592946
Prospecting - Black Crow LAL - ABO - CELL C,4700,3.6954879775700005,1271.8212123884448
Prospecting - Black Crow LAL - ABO - CELL C,4800,3.6954879775700005,1298.8812381839437
Prospecting - Black Crow LAL - ABO - CELL C,4900,3.6954879775700005,1325.9412639794425
Prospecting - Black Crow LAL - ABO - CELL C,5000,3.6954879775700005,1353.0012897749414
Prospecting - Black Crow LAL - ABO - Copy,0,3.7636129615460003,0.0
Prospecting - Black Crow LAL - ABO - Copy,100,3.7636129615460003,26.570213521350624
Prospecting - Black Crow LAL - ABO - Copy,200,3.7636129615460003,53.14042704270125
Prospecting - Black Crow LAL - ABO - Copy,300,3.7624681804860005,79.73489358818944
Prospecting - Black Crow LAL - ABO - Copy,400,4.112099489586002,97.27391105517032
Prospecting - Black Crow LAL - ABO - Copy,500,4.019754824126,124.38569561483469
Prospecting - Black Crow LAL - ABO - Copy,600,4.028741037586001,148.929900036344
Prospecting - Black Crow LAL - ABO - Copy,700,3.967279213908,176.4433412062418
Prospecting - Black Crow LAL - ABO - Copy,800,2.5546277841379994,313.15716714869353
Prospecting - Black Crow LAL - ABO - Copy,900,1.8169789730889996,495.32769136559295
Prospecting - Black Crow LAL - ABO - Copy,1000,1.10946682520225,901.3338454871828
Prospecting - Black Crow LAL - ABO - Copy,1100,1.431138809667778,768.6186640800777
Prospecting - Black Crow LAL - ABO - Copy,1200,1.4444166979197781,830.7851894319815
Prospecting - Black Crow LAL - ABO - Copy,1300,2.356917862094111,551.5678000102031
Prospecting - Black Crow LAL - ABO - Copy,1400,1.9484936122309628,718.5037668135051
Prospecting - Black Crow LAL - ABO - Copy,1500,2.4771036544535066,605.5459154093925
Prospecting - Black Crow LAL - ABO - Copy,1600,1.910498293032732,837.477848493732
Prospecting - Black Crow LAL - ABO - Copy,1700,1.9425814907867323,875.1241623904857
Prospecting - Black Crow LAL - ABO - Copy,1800,2.1373087936947286,842.1805989430153
Prospecting - Black Crow LAL - ABO - Copy,1900,2.5678361859548007,739.9225894519129
Prospecting - Black Crow LAL - ABO - Copy,2000,2.5838721021572093,774.0321195968836
Prospecting - Black Crow LAL - ABO - Copy,2100,4.14782259982,506.28973382109746
Prospecting - Black Crow LAL - ABO - Copy,2200,4.257566915279998,516.727051806141
Prospecting - Black Crow LAL - ABO - Copy,2300,4.426804400749999,519.5621472704619
Prospecting - Black Crow LAL - ABO - Copy,2400,4.468122018779997,537.1384196565228
Prospecting - Black Crow LAL - ABO - Copy,2500,4.527016008103333,552.240150139742
Prospecting - Black Crow LAL - ABO - Copy,2600,4.430935384653331,586.7835511673613
Prospecting - Black Crow LAL - ABO - Copy,2700,4.478290124823333,602.9086827210673
Prospecting - Black Crow LAL - ABO - Copy,2800,4.4270918116299995,632.4693769947082
Prospecting - Black Crow LAL - ABO - Copy,2900,4.554561852207999,636.7242545172844
Prospecting - Black Crow LAL - ABO - Copy,3000,4.5561013477679975,658.4576968354049
Prospecting - Black Crow LAL - ABO - Copy,3100,4.277855858619999,724.6620976612415
Prospecting - Black Crow LAL - ABO - Copy,3200,4.184442663339999,764.7374471241477
Prospecting - Black Crow LAL - ABO - Copy,3300,4.184442663339999,788.6354923467773
Prospecting - Black Crow LAL - ABO - Copy,3400,4.184442663339999,812.5335375694069
Prospecting - Black Crow LAL - ABO - Copy,3500,4.184442663339999,836.4315827920366
Prospecting - Black Crow LAL - ABO - Copy,3600,4.2735056136799985,842.3997358224997
Prospecting - Black Crow LAL - ABO - Copy,3700,4.2735056136799985,865.7997284842357
Prospecting - Black Crow LAL - ABO - Copy,3800,4.745390521869999,800.777087256993
Prospecting - Black Crow LAL - ABO - Copy,3900,5.07466572113,768.523527325376
Prospecting - Black Crow LAL - ABO - Copy,4000,5.07466572113,788.2292587952574
Prospecting - Black Crow LAL - ABO - Copy,4100,5.07466572113,807.9349902651388
Prospecting - Black Crow LAL - ABO - Copy,4200,5.085810684469999,825.8270432332636
Prospecting - Black Crow LAL - ABO - Copy,4300,5.085810684469999,845.4895918816746
Prospecting - Black Crow LAL - ABO - Copy,4400,5.085810684469999,865.1521405300857
Prospecting - Black Crow LAL - ABO - Copy,4500,5.085810684469999,884.8146891784967
Prospecting - Black Crow LAL - ABO - Copy,4600,5.085810684469999,904.4772378269078
Prospecting - Black Crow LAL - ABO - Copy,4700,5.085810684469999,924.1397864753188
Prospecting - Black Crow LAL - ABO - Copy,4800,5.085810684469999,943.8023351237298
Prospecting - Black Crow LAL - ABO - Copy,4900,5.085810684469999,963.4648837721409
Prospecting - Black Crow LAL - ABO - Copy,5000,5.085810684469999,983.1274324205519
Prospecting - Proxima - ABO,0,2.730427374350001,0.0
Prospecting - Proxima - ABO,100,2.730427374350001,36.62430319129282
Prospecting - Proxima - ABO,200,2.730427374350001,73.24860638258563
Prospecting - Proxima - ABO,300,2.730427374350001,109.87290957387845
Prospecting - Proxima - ABO,400,2.66702822595,149.97966504742158
Prospecting - Proxima - ABO,500,2.66812550105,187.39748179132977
Prospecting - Proxima - ABO,600,2.711975280870001,221.2409546032146
Prospecting - Proxima - ABO,700,2.697089438864,259.53903860705356
Prospecting - Proxima - ABO,800,2.697089438864,296.61604412234686
Prospecting - Proxima - ABO,900,2.697089438864,333.69304963764023
Prospecting - Proxima - ABO,1000,2.697089438864,370.7700551529336
Prospecting - Proxima - ABO,1100,2.697089438864,407.84706066822696
Prospecting - Proxima - ABO,1200,2.7505361285100003,436.2785813142745
Prospecting - Proxima - ABO,1300,2.7505361285100003,472.63512975713076
Prospecting - Proxima - ABO,1400,2.7334217813500006,512.1785483499582
Prospecting - Proxima - ABO,1500,2.8382192622880003,528.5003945716269
Prospecting - Proxima - ABO,1600,2.8834523658340006,554.8903872865683
Prospecting - Proxima - ABO,1700,2.8834523658340006,589.5710364919787
Prospecting - Proxima - ABO,1800,2.8834523658340006,624.2516856973892
Prospecting - Proxima - ABO,1900,2.8834523658340006,658.9323349027998
Prospecting - Proxima - ABO,2000,2.8875513289940007,692.6283802881467
Prospecting - Proxima - ABO,2100,2.8875513289940007,727.259799302554
Prospecting - Proxima - ABO,2200,2.8836387551340006,762.9249662715702
Prospecting - Proxima - ABO,2300,2.8836387551340006,797.6033738293688
Prospecting - Proxima - ABO,2400,2.923953091394001,820.8066015367555
Prospecting - Proxima - ABO,2500,2.923953091394001,855.006876600787
Prospecting - Proxima - ABO,2600,2.9307182577340005,887.1545373352578
Prospecting - Proxima - ABO,2700,2.9307182577340005,921.2758656943062
Prospecting - Proxima - ABO,2800,2.9307182577340005,955.3971940533545
Prospecting - Proxima - ABO,2900,2.9332639525940003,988.6597479355434
Prospecting - Proxima - ABO,3000,3.108067024879999,965.2301497957009
Prospecting - Proxima - ABO,3100,3.1241916597599992,992.2566659172704
Prospecting - Proxima - ABO,3200,3.1241916597599992,1024.2649454629889
Prospecting - Proxima - ABO,3300,3.1712009004999993,1040.6152443636395
Prospecting - Proxima - ABO,3400,3.0230777800000004,1124.6816150393588
Prospecting - Proxima - ABO,3500,3.043611444980001,1149.9496776346882
Prospecting - Proxima - ABO,3600,3.1292584820600013,1150.4322895148334
Prospecting - Proxima - ABO,3700,3.463590225180001,1068.2556998519399
Prospecting - Proxima - ABO,3800,3.464492728680001,1096.8416728205489
Prospecting - Proxima - ABO,3900,3.4755548267400007,1122.1229974548035
Prospecting - Proxima - ABO,4000,3.4755548267400007,1150.8953820049267
Prospecting - Proxima - ABO,4100,3.469671656880001,1181.6680093835746
Prospecting - Proxima - ABO,4200,3.66287556072,1146.6401002097978
Prospecting - Proxima - ABO,4300,3.7531635577399998,1145.7001363908805
Prospecting - Proxima - ABO,4400,3.874478304740001,1135.6367629203344
Prospecting - Proxima - ABO,4500,3.874478304740001,1161.446689350342
Prospecting - Proxima - ABO,4600,3.8046288953000014,1209.0535309981349
Prospecting - Proxima - ABO,4700,3.8046288953000014,1235.3373034111378
Prospecting - Proxima - ABO,4800,3.789830348414002,1266.5474595739468
Prospecting - Proxima - ABO,4900,3.356568724312,1459.8241247106773
Prospecting - Proxima - ABO,5000,3.356568724312,1489.6164537864054
Prospecting Interests,0,0.0640974332036,0.0
Prospecting Interests,100,0.06329443958919999,1579.917614391251
Prospecting Interests,200,0.06171340923919999,3240.7867668565164
Prospecting Interests,300,0.06173233789619999,4859.6895925833205
Prospecting Interests,400,0.061479187463200004,6506.266860462829
Prospecting Interests,500,0.097605522382,5122.660970381814
Prospecting Interests,600,0.1602882484161999,3743.256326827261
Prospecting Interests,700,0.1602882484161999,4367.132381298471
Prospecting Interests,800,0.1602882484161999,4991.0084357696815
Prospecting Interests,900,0.1602882484161999,5614.884490240892
Prospecting Interests,1000,0.1602882484161999,6238.760544712102
Prospecting Interests,1100,0.1602882484161999,6862.636599183312
Prospecting Interests,1200,0.1602882484161999,7486.512653654522
Prospecting Interests,1300,0.1602882484161999,8110.388708125733
Prospecting Interests,1400,0.1602882484161999,8734.264762596942
Prospecting Interests,1500,0.1602882484161999,9358.140817068153
Prospecting Interests,1600,0.1602882484161999,9982.016871539363
Prospecting Interests,1700,0.1602882484161999,10605.892926010572
Prospecting Interests,1800,0.1602882484161999,11229.768980481784
Prospecting Interests,1900,0.1602882484161999,11853.645034952993
Prospecting Interests,2000,0.1602882484161999,12477.521089424205
Prospecting Interests,2100,0.1602882484161999,13101.397143895414
Prospecting Interests,2200,0.1602882484161999,13725.273198366624
Prospecting Interests,2300,0.1602882484161999,14349.149252837835
Prospecting Interests,2400,0.1602882484161999,14973.025307309044
Prospecting Interests,2500,0.1602882484161999,15596.901361780254
Prospecting Interests,2600,0.1602882484161999,16220.777416251465
Prospecting Interests,2700,0.1602882484161999,16844.653470722675
Prospecting Interests,2800,0.1602882484161999,17468.529525193884
Prospecting Interests,2900,0.1602882484161999,18092.405579665094
Prospecting Interests,3000,0.1602882484161999,18716.281634136307
Prospecting Interests,3100,0.1602882484161999,19340.157688607516
Prospecting Interests,3200,0.1602882484161999,19964.033743078726
Prospecting Interests,3300,0.1602882484161999,20587.909797549935
Prospecting Interests,3400,0.1602882484161999,21211.785852021145
Prospecting Interests,3500,0.1602882484161999,21835.661906492358
Prospecting Interests,3600,0.1602882484161999,22459.537960963567
Prospecting Interests,3700,0.1602882484161999,23083.414015434777
Prospecting Interests,3800,0.1602882484161999,23707.290069905986
Prospecting Interests,3900,0.1602882484161999,24331.166124377196
Prospecting Interests,4000,0.1602882484161999,24955.04217884841
Prospecting Interests,4100,0.1602882484161999,25578.91823331962
Prospecting Interests,4200,0.1602882484161999,26202.794287790828
Prospecting Interests,4300,0.1602882484161999,26826.670342262038
Prospecting Interests,4400,0.1602882484161999,27450.546396733247
Prospecting Interests,4500,0.1602882484161999,28074.422451204457
Prospecting Interests,4600,0.1602882484161999,28698.29850567567
Prospecting Interests,4700,0.1602882484161999,29322.17456014688
Prospecting Interests,4800,0.1602882484161999,29946.05061461809
Prospecting Interests,4900,0.1602882484161999,30569.9266690893
Prospecting Interests,5000,0.1602882484161999,31193.802723560508
Prospecting_Advantage+Shopping Campaign,0,1.0671144666380004,0.0
Prospecting_Advantage+Shopping Campaign,100,1.0681028758574005,93.62394040904233
Prospecting_Advantage+Shopping Campaign,200,1.0180667026795671,196.4507821281228
Prospecting_Advantage+Shopping Campaign,300,0.1279078400153261,2345.4387155943964
Prospecting_Advantage+Shopping Campaign,400,0.49637078674512514,805.8491971756403
Prospecting_Advantage+Shopping Campaign,500,0.9648688076605707,518.2051653346576
Prospecting_Advantage+Shopping Campaign,600,3.9474303877543844,151.9976139063286
Prospecting_Advantage+Shopping Campaign,700,3.8396613063090514,182.30774648008955
Prospecting_Advantage+Shopping Campaign,800,4.132805417341051,193.573110566309
Prospecting_Advantage+Shopping Campaign,900,4.072276011885851,221.0066305361297
Prospecting_Advantage+Shopping Campaign,1000,4.556524235505185,219.46552861671094
Prospecting_Advantage+Shopping Campaign,1100,4.123810438123171,266.7435898194758
Prospecting_Advantage+Shopping Campaign,1200,3.863269844522471,310.61770166052924
Prospecting_Advantage+Shopping Campaign,1300,3.793443518947821,342.6965482698364
Prospecting_Advantage+Shopping Campaign,1400,3.752834888642377,373.05131761511177
Prospecting_Advantage+Shopping Campaign,1500,4.487062724661255,334.2944130813862
Prospecting_Advantage+Shopping Campaign,1600,5.751838940674385,278.1719058031213
Prospecting_Advantage+Shopping Campaign,1700,5.082327178755774,334.4924362811652
Prospecting_Advantage+Shopping Campaign,1800,3.6574541124502677,492.14561404137794
Prospecting_Advantage+Shopping Campaign,1900,3.668965665403267,517.8571219447934
Prospecting_Advantage+Shopping Campaign,2000,3.654188377183898,547.3171587123544
Prospecting_Advantage+Shopping Campaign,2100,5.022942835257719,418.0816045246218
Prospecting_Advantage+Shopping Campaign,2200,3.809838268703981,577.4523338882806
Prospecting_Advantage+Shopping Campaign,2300,3.6305485408553984,633.513083248322
Prospecting_Advantage+Shopping Campaign,2400,3.534246452630397,679.0697910197454
Prospecting_Advantage+Shopping Campaign,2500,3.6345519124710957,687.8426997897177
Prospecting_Advantage+Shopping Campaign,2600,4.172300183110069,623.1574637235083
Prospecting_Advantage+Shopping Campaign,2700,4.4897470395120695,601.3701832728258
Prospecting_Advantage+Shopping Campaign,2800,4.910377508795605,570.2209239482223
Prospecting_Advantage+Shopping Campaign,2900,7.759807804106995,373.7205963355344
Prospecting_Advantage+Shopping Campaign,3000,7.837841455684189,382.7584440132211
Prospecting_Advantage+Shopping Campaign,3100,8.750092354315886,354.2819749177801
Prospecting_Advantage+Shopping Campaign,3200,8.920839014995803,358.71065430290196
Prospecting_Advantage+Shopping Campaign,3300,8.721270857169026,378.3852209207958
Prospecting_Advantage+Shopping Campaign,3400,8.31126238593474,409.0834631516225
Prospecting_Advantage+Shopping Campaign,3500,10.009893094786905,349.6540839005343
Prospecting_Advantage+Shopping Campaign,3600,10.022982004879301,359.1745448856916
Prospecting_Advantage+Shopping Campaign,3700,8.866864691730692,417.2839136082283
Prospecting_Advantage+Shopping Campaign,3800,9.641986951796108,394.1096393303184
Prospecting_Advantage+Shopping Campaign,3900,8.66144967066429,450.2710456436664
Prospecting_Advantage+Shopping Campaign,4000,8.592889055874798,465.5011805680506
Prospecting_Advantage+Shopping Campaign,4100,8.511101869219871,481.7237606833869
Prospecting_Advantage+Shopping Campaign,4200,9.215686165467453,455.7446862435512
Prospecting_Advantage+Shopping Campaign,4300,9.665694288706323,444.87233628154826
Prospecting_Advantage+Shopping Campaign,4400,8.844949969430113,497.4590037487228
Prospecting_Advantage+Shopping Campaign,4500,8.410444201812078,535.0490285674149
Prospecting_Advantage+Shopping Campaign,4600,9.43524405037365,487.5337591101137
Prospecting_Advantage+Shopping Campaign,4700,8.683487845622915,541.2571634299147
Prospecting_Advantage+Shopping Campaign,4800,9.208541786440538,521.2551684424063
Prospecting_Advantage+Shopping Campaign,4900,9.57099492477969,511.9634937130416
Prospecting_Advantage+Shopping Campaign,5000,10.746224453045356,465.2796916579439
Prospecting_Broad,0,0.9199446451613998,0.0
Prospecting_Broad,100,0.9282558522933999,107.72891951387595
Prospecting_Broad,200,1.0011535298414,199.76955985130817
Prospecting_Broad,300,1.0157744922414,295.34114342448424
Prospecting_Broad,400,1.1499289862020001,347.84756693639406
Prospecting_Broad,500,1.0026550749580003,498.67597789892426
Prospecting_Broad,600,0.8229820740399998,729.0559769480932
Prospecting_Broad,700,1.139138746666,614.499332981817
Prospecting_Broad,800,1.609060044024,497.1846780803337
Prospecting_Broad,900,1.8226775023259998,493.7790688980744
Prospecting_Broad,1000,1.8226775023259998,548.6434098867493
Prospecting_Broad,1100,1.8226775023259998,603.5077508754242
Prospecting_Broad,1200,1.8226775023259998,658.3720918640992
Prospecting_Broad,1300,1.8226775023259998,713.2364328527741
Prospecting_Broad,1400,1.8226775023259998,768.100773841449
Prospecting_Broad,1500,1.8226775023259998,822.965114830124
Prospecting_Broad,1600,1.8226775023259998,877.8294558187989
Prospecting_Broad,1700,1.8226775023259998,932.6937968074739
Prospecting_Broad,1800,1.8226775023259998,987.5581377961488
Prospecting_Broad,1900,1.8226775023259998,1042.4224787848236
Prospecting_Broad,2000,1.8226775023259998,1097.2868197734986
Prospecting_Broad,2100,1.8226775023259998,1152.1511607621735
Prospecting_Broad,2200,1.8226775023259998,1207.0155017508484
Prospecting_Broad,2300,1.8226775023259998,1261.8798427395234
Prospecting_Broad,2400,1.8226775023259998,1316.7441837281983
Prospecting_Broad,2500,1.8226775023259998,1371.6085247168733
Prospecting_Broad,2600,1.8226775023259998,1426.4728657055482
Prospecting_Broad,2700,1.8226775023259998,1481.3372066942231
Prospecting_Broad,2800,1.8226775023259998,1536.201547682898
Prospecting_Broad,2900,1.8226775023259998,1591.065888671573
Prospecting_Broad,3000,1.8226775023259998,1645.930229660248
Prospecting_Broad,3100,1.8226775023259998,1700.794570648923
Prospecting_Broad,3200,1.8226775023259998,1755.6589116375978
Prospecting_Broad,3300,1.8226775023259998,1810.5232526262728
Prospecting_Broad,3400,1.8226775023259998,1865.3875936149477
Prospecting_Broad,3500,1.8226775023259998,1920.2519346036227
Prospecting_Broad,3600,1.8226775023259998,1975.1162755922976
Prospecting_Broad,3700,1.8226775023259998,2029.9806165809725
Prospecting_Broad,3800,1.8226775023259998,2084.8449575696472
Prospecting_Broad,3900,1.8226775023259998,2139.709298558322
Prospecting_Broad,4000,1.8226775023259998,2194.573639546997
Prospecting_Broad,4100,1.8226775023259998,2249.437980535672
Prospecting_Broad,4200,1.8226775023259998,2304.302321524347
Prospecting_Broad,4300,1.8226775023259998,2359.166662513022
Prospecting_Broad,4400,1.8226775023259998,2414.031003501697
Prospecting_Broad,4500,1.8226775023259998,2468.895344490372
Prospecting_Broad,4600,1.8226775023259998,2523.7596854790468
Prospecting_Broad,4700,1.8226775023259998,2578.6240264677217
Prospecting_Broad,4800,1.8226775023259998,2633.4883674563966
Prospecting_Broad,4900,1.8226775023259998,2688.3527084450716
Prospecting_Broad,5000,1.8226775023259998,2743.2170494337465
Retargeting,0,1.8605663098781908,0.0
Retargeting,100,1.8605663098781908,53.74707661268299
Retargeting,200,1.8060315558319993,110.7400362713288
Retargeting,300,1.7937191917739994,167.25025933590985
Retargeting,400,1.6337311126768572,244.83833165459077
Retargeting,500,1.222154166421564,409.11368936701916
Retargeting,600,2.8344643608508333,211.68020606895033
Retargeting,700,2.825868539383897,247.71145233550595
Retargeting,800,2.7683508976984683,288.9807071296844
Retargeting,900,3.0881336263322368,291.4381658636081
Retargeting,1000,3.555737395993088,281.2356168728564
Retargeting,1100,1.6733285383985543,657.3724016281622
Retargeting,1200,1.7980450472400564,667.3915104863268
Retargeting,1300,1.4977212260841752,867.9852948327896
Retargeting,1400,1.3637560900033368,1026.57653392886
Retargeting,1500,2.5178288503132866,595.7513751633114
Retargeting,1600,2.6381525423898937,606.4850209725042
Retargeting,1700,2.2585928455451794,752.6810347217114
Retargeting,1800,1.3576152081137145,1325.8543284152952
Retargeting,1900,1.5432768990975376,1231.1465305487716
Retargeting,2000,1.4475277419656154,1381.6660931721942
Retargeting,2100,1.627899322227268,1290.0060656864275
Retargeting,2200,1.699716003185413,1294.3338745278693
Retargeting,2300,1.67870139362208,1370.106684094283
Retargeting,2400,1.692445047327785,1418.0667217463747
Retargeting,2500,1.6723029694061189,1494.9444243872983
Retargeting,2600,2.2050503626125737,1179.111390870676
Retargeting,2700,2.2050503626125737,1224.4618289810865
Retargeting,2800,2.220429681579241,1261.0171910549088
Retargeting,2900,2.1441375699378735,1352.5251554097006
Retargeting,3000,2.1717046293345406,1381.4033268968385
Retargeting,3100,5.704426989644539,543.4375802560969
Retargeting,3200,4.42736624128454,722.7773411109454
Retargeting,3300,5.14076530484343,641.9277683987767
Retargeting,3400,5.629429691954858,603.9688185215307
Retargeting,3500,5.429320892754858,644.6478425452003
Retargeting,3600,6.077678846180001,592.3313967572842
Retargeting,3700,6.0552105560000005,611.0439869566114
Retargeting,3800,6.097840292460002,623.171453784828
Retargeting,3900,6.078380406580001,641.6182830179814
Retargeting,4000,6.078380406580001,658.0700338645963
Retargeting,4100,7.04145636642,582.2659101535428
Retargeting,4200,7.646607561979998,549.2631818694329
Retargeting,4300,7.646607561979998,562.3408766758479
Retargeting,4400,7.646607561979998,575.4185714822629
Retargeting,4500,7.6833100722199985,585.6850703279999
Retargeting,4600,7.686794825219998,598.4288776523116
Retargeting,4700,7.686794825219998,611.4382010795357
Retargeting,4800,7.686794825219998,624.4475245067599
Retargeting,4900,7.686794825219998,637.456847933984
Retargeting,5000,7.686794825219998,650.4661713612082
Retargeting (Shop Page),0,1.9041622176187993,0.0
Retargeting (Shop Page),100,1.9371343704471995,51.62264503980402
Retargeting (Shop Page),200,1.9814659444968001,100.93537088309164
Retargeting (Shop Page),300,1.9405150898937995,154.59812786945056
Retargeting (Shop Page),400,1.7318250030617997,230.97021886900552
Retargeting (Shop Page),500,2.7172518092011853,184.00944598027132
Retargeting (Shop Page),600,1.7836765122521998,336.3838655039508
Retargeting (Shop Page),700,2.1132406821959613,331.2448060921292
Retargeting (Shop Page),800,2.4642243117270395,324.6457703516949
Retargeting (Shop Page),900,3.1355179282038286,287.0339193102819
Retargeting (Shop Page),1000,3.1686384803622722,315.5929608876269
Retargeting (Shop Page),1100,4.798388585770001,229.24362634200503
Retargeting (Shop Page),1200,4.798388585770001,250.08395600946005
Retargeting (Shop Page),1300,4.798388585770001,270.924285676915
Retargeting (Shop Page),1400,4.798388585770001,291.76461534437004
Retargeting (Shop Page),1500,4.798388585770001,312.60494501182507
Retargeting (Shop Page),1600,4.798388585770001,333.44527467928003
Retargeting (Shop Page),1700,4.798388585770001,354.28560434673506
Retargeting (Shop Page),1800,4.798388585770001,375.1259340141901
Retargeting (Shop Page),1900,4.798388585770001,395.96626368164505
Retargeting (Shop Page),2000,4.798388585770001,416.80659334910007
Retargeting (Shop Page),2100,4.798388585770001,437.6469230165551
Retargeting (Shop Page),2200,4.798388585770001,458.48725268401006
Retargeting (Shop Page),2300,4.798388585770001,479.3275823514651
Retargeting (Shop Page),2400,4.798388585770001,500.1679120189201
Retargeting (Shop Page),2500,4.798388585770001,521.0082416863751
Retargeting (Shop Page),2600,4.798388585770001,541.84857135383
Retargeting (Shop Page),2700,4.798388585770001,562.6889010212851
Retargeting (Shop Page),2800,4.798388585770001,583.5292306887401
Retargeting (Shop Page),2900,4.798388585770001,604.369560356195
Retargeting (Shop Page),3000,4.798388585770001,625.2098900236501
Retargeting (Shop Page),3100,4.798388585770001,646.0502196911051
Retargeting (Shop Page),3200,4.798388585770001,666.8905493585601
Retargeting (Shop Page),3300,4.798388585770001,687.7308790260151
Retargeting (Shop Page),3400,4.798388585770001,708.5712086934701
Retargeting (Shop Page),3500,4.798388585770001,729.4115383609251
Retargeting (Shop Page),3600,4.798388585770001,750.2518680283802
Retargeting (Shop Page),3700,4.798388585770001,771.0921976958351
Retargeting (Shop Page),3800,4.798388585770001,791.9325273632901
Retargeting (Shop Page),3900,4.798388585770001,812.7728570307452
Retargeting (Shop Page),4000,4.798388585770001,833.6131866982001
Retargeting (Shop Page),4100,4.798388585770001,854.4535163656551
Retargeting (Shop Page),4200,4.798388585770001,875.2938460331102
Retargeting (Shop Page),4300,4.798388585770001,896.1341757005652
Retargeting (Shop Page),4400,4.798388585770001,916.9745053680201
Retargeting (Shop Page),4500,4.798388585770001,937.8148350354752
Retargeting (Shop Page),4600,4.798388585770001,958.6551647029302
Retargeting (Shop Page),4700,4.798388585770001,979.4954943703851
Retargeting (Shop Page),4800,4.798388585770001,1000.3358240378402
Retargeting (Shop Page),4900,4.798388585770001,1021.1761537052952
Retargeting (Shop Page),5000,4.798388585770001,1042.0164833727501
UK ASC Campaign,0,0.8129072863399994,0.0
UK ASC Campaign,100,0.8069813058479994,123.91860787272772
UK ASC Campaign,200,0.8023230998099996,249.2761333275367
UK ASC Campaign,300,0.170962795476,1754.7677502858476
UK ASC Campaign,400,0.17297278565386662,2312.5025042981865
UK ASC Campaign,500,0.5548905476358665,901.0786039341814
UK ASC Campaign,600,0.6404058790620002,936.9058274087325
UK ASC Campaign,700,0.6404058790620002,1093.0567986435212
UK ASC Campaign,800,0.6404058790620002,1249.20776987831
UK ASC Campaign,900,0.6404058790620002,1405.3587411130989
UK ASC Campaign,1000,0.6404058790620002,1561.5097123478877
UK ASC Campaign,1100,0.6404058790620002,1717.6606835826763
UK ASC Campaign,1200,0.6404058790620002,1873.811654817465
UK ASC Campaign,1300,0.6404058790620002,2029.9626260522539
UK ASC Campaign,1400,0.6404058790620002,2186.1135972870425
UK ASC Campaign,1500,0.6404058790620002,2342.2645685218313
UK ASC Campaign,1600,0.6404058790620002,2498.41553975662
UK ASC Campaign,1700,0.6404058790620002,2654.566510991409
UK ASC Campaign,1800,0.6404058790620002,2810.7174822261977
UK ASC Campaign,1900,0.6404058790620002,2966.8684534609865
UK ASC Campaign,2000,0.6404058790620002,3123.0194246957753
UK ASC Campaign,2100,0.6404058790620002,3279.1703959305637
UK ASC Campaign,2200,0.6404058790620002,3435.3213671653525
UK ASC Campaign,2300,0.6404058790620002,3591.4723384001413
UK ASC Campaign,2400,0.6404058790620002,3747.62330963493
UK ASC Campaign,2500,0.6404058790620002,3903.774280869719
UK ASC Campaign,2600,0.6404058790620002,4059.9252521045078
UK ASC Campaign,2700,0.6404058790620002,4216.076223339296
UK ASC Campaign,2800,0.6404058790620002,4372.227194574085
UK ASC Campaign,2900,0.6404058790620002,4528.378165808874
UK ASC Campaign,3000,0.6404058790620002,4684.529137043663
UK ASC Campaign,3100,0.6404058790620002,4840.680108278451
UK ASC Campaign,3200,0.6404058790620002,4996.83107951324
UK ASC Campaign,3300,0.6404058790620002,5152.982050748029
UK ASC Campaign,3400,0.6404058790620002,5309.133021982818
UK ASC Campaign,3500,0.6404058790620002,5465.283993217607
UK ASC Campaign,3600,0.6404058790620002,5621.434964452395
UK ASC Campaign,3700,0.6404058790620002,5777.585935687184
UK ASC Campaign,3800,0.6404058790620002,5933.736906921973
UK ASC Campaign,3900,0.6404058790620002,6089.887878156762
UK ASC Campaign,4000,0.6404058790620002,6246.038849391551
UK ASC Campaign,4100,0.6404058790620002,6402.1898206263395
UK ASC Campaign,4200,0.6404058790620002,6558.340791861127
UK ASC Campaign,4300,0.6404058790620002,6714.491763095916
UK ASC Campaign,4400,0.6404058790620002,6870.642734330705
UK ASC Campaign,4500,0.6404058790620002,7026.793705565494
UK ASC Campaign,4600,0.6404058790620002,7182.944676800283
UK ASC Campaign,4700,0.6404058790620002,7339.0956480350715
UK ASC Campaign,4800,0.6404058790620002,7495.24661926986
UK ASC Campaign,4900,0.6404058790620002,7651.397590504649
UK ASC Campaign,5000,0.6404058790620002,7807.548561739438
